id,date,store,tech,service,customer,paid,refund,fee,bank,channel
CS00001,2026-09-01,大学城店,阿宁,设计款美甲,C001,248,40,1.25,,支付宝
CS00002,2026-09-01,滨江店,可可,自然款美睫,C008,298,0,1.79,296.21,微信支付
CS00003,2026-09-01,大学城店,小雨,卸甲与护理,C015,68,0,0.41,67.59,支付宝
CS00004,2026-09-01,滨江店,小琳,经典单色美甲,C022,168,0,1.01,166.99,微信支付
CS00005,2026-09-01,大学城店,阿宁,设计款美甲,C029,268,0,1.61,266.39,支付宝
CS00006,2026-09-02,大学城店,可可,自然款美睫,C036,298,0,1.79,296.21,微信支付
CS00007,2026-09-02,滨江店,小雨,卸甲与护理,C043,68,0,0.41,67.59,支付宝
CS00008,2026-09-02,大学城店,小琳,经典单色美甲,C050,168,0,1.01,166.99,微信支付
CS00009,2026-09-02,滨江店,阿宁,设计款美甲,C057,268,0,1.61,266.39,支付宝
CS00010,2026-09-02,大学城店,可可,自然款美睫,C064,278,0,1.67,276.33,微信支付
CS00011,2026-09-02,滨江店,小雨,卸甲与护理,C071,68,0,0.41,67.59,支付宝
CS00012,2026-09-03,大学城店,小雨,卸甲与护理,C078,68,0,0.41,67.59,微信支付
CS00013,2026-09-03,滨江店,小琳,经典单色美甲,C002,168,0,1.01,166.99,支付宝
CS00014,2026-09-03,大学城店,阿宁,设计款美甲,C009,268,0,1.61,266.39,微信支付
CS00015,2026-09-03,滨江店,可可,自然款美睫,C016,298,0,1.79,296.21,支付宝
CS00016,2026-09-04,大学城店,小琳,经典单色美甲,C023,168,0,1.01,166.99,微信支付
CS00017,2026-09-04,滨江店,阿宁,设计款美甲,C030,268,0,1.61,266.39,支付宝
CS00018,2026-09-04,大学城店,可可,自然款美睫,C037,298,0,1.79,296.21,微信支付
CS00019,2026-09-04,滨江店,小雨,卸甲与护理,C044,48,0,0.29,47.71,支付宝
CS00020,2026-09-04,大学城店,小琳,经典单色美甲,C051,168,0,1.01,166.99,微信支付
CS00021,2026-09-05,大学城店,阿宁,设计款美甲,C058,268,0,1.61,266.39,支付宝
CS00022,2026-09-05,滨江店,可可,自然款美睫,C065,298,0,1.79,296.21,微信支付
CS00023,2026-09-05,大学城店,小雨,卸甲与护理,C072,68,0,0.41,67.59,支付宝
CS00024,2026-09-05,滨江店,小琳,经典单色美甲,C079,168,0,1.01,166.99,微信支付
CS00025,2026-09-05,大学城店,阿宁,设计款美甲,C003,268,0,1.61,266.39,支付宝
CS00026,2026-09-05,滨江店,可可,自然款美睫,C010,298,0,1.79,296.21,微信支付
CS00027,2026-09-06,大学城店,可可,自然款美睫,C017,298,0,1.79,296.21,支付宝
CS00028,2026-09-06,滨江店,小雨,卸甲与护理,C024,48,0,0.29,47.71,微信支付
CS00029,2026-09-06,大学城店,小琳,经典单色美甲,C031,168,0,1.01,166.99,支付宝
CS00030,2026-09-06,滨江店,阿宁,设计款美甲,C038,268,40,1.37,226.63,微信支付
CS00031,2026-09-07,大学城店,小雨,卸甲与护理,C045,68,0,0.41,67.59,支付宝
CS00032,2026-09-07,滨江店,小琳,经典单色美甲,C052,168,0,1.01,166.99,微信支付
CS00033,2026-09-07,大学城店,阿宁,设计款美甲,C059,268,0,1.61,266.39,支付宝
CS00034,2026-09-07,滨江店,可可,自然款美睫,C066,298,0,1.79,296.21,微信支付
CS00035,2026-09-07,大学城店,小雨,卸甲与护理,C073,68,0,0.41,67.59,支付宝
CS00036,2026-09-08,大学城店,小琳,经典单色美甲,C080,168,0,1.01,166.99,微信支付
CS00037,2026-09-08,滨江店,阿宁,设计款美甲,C004,248,0,1.49,246.51,支付宝
CS00038,2026-09-08,大学城店,可可,自然款美睫,C011,298,0,1.79,281.21,微信支付
CS00039,2026-09-08,滨江店,小雨,卸甲与护理,C018,68,0,0.41,67.59,支付宝
CS00040,2026-09-08,大学城店,小琳,经典单色美甲,C025,168,0,1.01,166.99,微信支付
CS00041,2026-09-08,滨江店,阿宁,设计款美甲,C032,268,0,1.61,266.39,支付宝
CS00042,2026-09-09,大学城店,阿宁,设计款美甲,C039,268,0,1.61,266.39,微信支付
CS00043,2026-09-09,滨江店,可可,自然款美睫,C046,298,0,1.79,296.21,支付宝
CS00044,2026-09-09,大学城店,小雨,卸甲与护理,C053,68,0,0.41,67.59,微信支付
CS00045,2026-09-09,滨江店,小琳,经典单色美甲,C060,168,0,1.01,166.99,支付宝
CS00046,2026-09-10,大学城店,可可,自然款美睫,C067,278,0,1.67,276.33,微信支付
CS00047,2026-09-10,滨江店,小雨,卸甲与护理,C074,68,0,0.41,67.59,支付宝
CS00048,2026-09-10,大学城店,小琳,经典单色美甲,C081,168,0,1.01,,微信支付
CS00049,2026-09-10,滨江店,阿宁,设计款美甲,C005,268,0,1.61,266.39,支付宝
CS00050,2026-09-10,大学城店,可可,自然款美睫,C012,298,0,1.79,296.21,微信支付
CS00051,2026-09-11,大学城店,小雨,卸甲与护理,C019,68,0,0.41,67.59,支付宝
CS00052,2026-09-11,滨江店,小琳,经典单色美甲,C026,168,0,1.01,166.99,微信支付
CS00053,2026-09-11,大学城店,阿宁,设计款美甲,C033,268,0,1.61,266.39,支付宝
CS00054,2026-09-11,滨江店,可可,自然款美睫,C040,298,0,1.79,296.21,微信支付
CS00055,2026-09-11,大学城店,小雨,卸甲与护理,C047,48,0,0.29,47.71,支付宝
CS00056,2026-09-11,滨江店,小琳,经典单色美甲,C054,168,0,1.01,166.99,微信支付
CS00057,2026-09-12,大学城店,小琳,经典单色美甲,C061,168,0,1.01,166.99,支付宝
CS00058,2026-09-12,滨江店,阿宁,设计款美甲,C068,268,0,1.61,266.39,微信支付
CS00059,2026-09-12,大学城店,可可,自然款美睫,C075,298,40,1.55,256.45,支付宝
CS00060,2026-09-12,滨江店,小雨,卸甲与护理,C082,68,0,0.41,67.59,微信支付
CS00061,2026-09-13,大学城店,阿宁,设计款美甲,C006,268,0,1.61,266.39,支付宝
CS00062,2026-09-13,滨江店,可可,自然款美睫,C013,298,0,1.79,296.21,微信支付
CS00063,2026-09-13,大学城店,小雨,卸甲与护理,C020,68,0,0.41,67.59,支付宝
CS00064,2026-09-13,滨江店,小琳,经典单色美甲,C027,148,0,0.89,147.11,微信支付
CS00065,2026-09-13,大学城店,阿宁,设计款美甲,C034,268,0,1.61,266.39,支付宝
CS00066,2026-09-14,大学城店,可可,自然款美睫,C041,298,0,1.79,296.21,微信支付
CS00067,2026-09-14,滨江店,小雨,卸甲与护理,C048,68,0,0.41,67.59,支付宝
CS00068,2026-09-14,大学城店,小琳,经典单色美甲,C055,168,0,1.01,166.99,微信支付
CS00069,2026-09-14,滨江店,阿宁,设计款美甲,C062,268,0,1.61,266.39,支付宝
CS00070,2026-09-14,大学城店,可可,自然款美睫,C069,298,0,1.79,296.21,微信支付
CS00071,2026-09-14,滨江店,小雨,卸甲与护理,C076,68,0,0.41,67.59,支付宝
CS00072,2026-09-15,大学城店,小雨,卸甲与护理,C083,68,0,0.41,67.59,微信支付
CS00073,2026-09-15,滨江店,小琳,经典单色美甲,C007,148,0,0.89,147.11,支付宝
CS00074,2026-09-15,大学城店,阿宁,设计款美甲,C014,268,0,1.61,266.39,微信支付
CS00075,2026-09-15,滨江店,可可,自然款美睫,C021,298,0,1.79,281.21,支付宝
CS00076,2026-09-16,大学城店,小琳,经典单色美甲,C028,168,0,1.01,166.99,微信支付
CS00077,2026-09-16,滨江店,阿宁,设计款美甲,C035,268,0,1.61,266.39,支付宝
CS00078,2026-09-16,大学城店,可可,自然款美睫,C042,298,0,1.79,296.21,微信支付
CS00079,2026-09-16,滨江店,小雨,卸甲与护理,C049,68,0,0.41,67.59,支付宝
CS00080,2026-09-16,大学城店,小琳,经典单色美甲,C056,168,0,1.01,166.99,微信支付
CS00081,2026-09-17,大学城店,阿宁,设计款美甲,C063,268,0,1.61,266.39,支付宝
CS00082,2026-09-17,滨江店,可可,自然款美睫,C070,278,0,1.67,276.33,微信支付
CS00083,2026-09-17,大学城店,小雨,卸甲与护理,C077,68,0,0.41,67.59,支付宝
CS00084,2026-09-17,滨江店,小琳,经典单色美甲,C001,168,0,1.01,166.99,微信支付
CS00085,2026-09-17,大学城店,阿宁,设计款美甲,C008,268,0,1.61,266.39,支付宝
CS00086,2026-09-17,滨江店,可可,自然款美睫,C015,298,0,1.79,296.21,微信支付
CS00087,2026-09-18,大学城店,可可,自然款美睫,C022,298,0,1.79,296.21,支付宝
CS00088,2026-09-18,滨江店,小雨,卸甲与护理,C029,68,40,0.17,27.83,微信支付
CS00089,2026-09-18,大学城店,小琳,经典单色美甲,C036,168,0,1.01,166.99,支付宝
CS00090,2026-09-18,滨江店,阿宁,设计款美甲,C043,268,0,1.61,266.39,微信支付
CS00091,2026-09-19,大学城店,小雨,卸甲与护理,C050,48,0,0.29,47.71,支付宝
CS00092,2026-09-19,滨江店,小琳,经典单色美甲,C057,168,0,1.01,166.99,微信支付
CS00093,2026-09-19,大学城店,阿宁,设计款美甲,C064,268,0,1.61,266.39,支付宝
CS00094,2026-09-19,滨江店,可可,自然款美睫,C071,298,0,1.79,296.21,微信支付
CS00095,2026-09-19,大学城店,小雨,卸甲与护理,C078,68,0,0.41,,支付宝
CS00096,2026-09-20,大学城店,小琳,经典单色美甲,C002,168,0,1.01,166.99,微信支付
CS00097,2026-09-20,滨江店,阿宁,设计款美甲,C009,268,0,1.61,266.39,支付宝
CS00098,2026-09-20,大学城店,可可,自然款美睫,C016,298,0,1.79,296.21,微信支付
CS00099,2026-09-20,滨江店,小雨,卸甲与护理,C023,68,0,0.41,67.59,支付宝
CS00100,2026-09-20,大学城店,小琳,经典单色美甲,C030,148,0,0.89,147.11,微信支付
CS00101,2026-09-20,滨江店,阿宁,设计款美甲,C037,268,0,1.61,266.39,支付宝
CS00102,2026-09-21,大学城店,阿宁,设计款美甲,C044,268,0,1.61,266.39,微信支付
CS00103,2026-09-21,滨江店,可可,自然款美睫,C051,298,0,1.79,296.21,支付宝
CS00104,2026-09-21,大学城店,小雨,卸甲与护理,C058,68,0,0.41,67.59,微信支付
CS00105,2026-09-21,滨江店,小琳,经典单色美甲,C065,168,0,1.01,166.99,支付宝
CS00106,2026-09-22,大学城店,可可,自然款美睫,C072,298,0,1.79,296.21,微信支付
CS00107,2026-09-22,滨江店,小雨,卸甲与护理,C079,68,0,0.41,67.59,支付宝
CS00108,2026-09-22,大学城店,小琳,经典单色美甲,C003,168,0,1.01,166.99,微信支付
CS00109,2026-09-22,滨江店,阿宁,设计款美甲,C010,248,0,1.49,246.51,支付宝
CS00110,2026-09-22,大学城店,可可,自然款美睫,C017,298,0,1.79,296.21,微信支付
CS00111,2026-09-23,大学城店,小雨,卸甲与护理,C024,68,0,0.41,67.59,支付宝
CS00112,2026-09-23,滨江店,小琳,经典单色美甲,C031,168,0,1.01,151.99,微信支付
CS00113,2026-09-23,大学城店,阿宁,设计款美甲,C038,268,0,1.61,266.39,支付宝
CS00114,2026-09-23,滨江店,可可,自然款美睫,C045,298,0,1.79,296.21,微信支付
CS00115,2026-09-23,大学城店,小雨,卸甲与护理,C052,68,0,0.41,67.59,支付宝
CS00116,2026-09-23,滨江店,小琳,经典单色美甲,C059,168,0,1.01,166.99,微信支付
CS00117,2026-09-24,大学城店,小琳,经典单色美甲,C066,168,40,0.77,127.23,支付宝
CS00118,2026-09-24,滨江店,阿宁,设计款美甲,C073,248,0,1.49,246.51,微信支付
CS00119,2026-09-24,大学城店,可可,自然款美睫,C080,298,0,1.79,296.21,支付宝
CS00120,2026-09-24,滨江店,小雨,卸甲与护理,C004,68,0,0.41,67.59,微信支付
CS00121,2026-09-25,大学城店,阿宁,设计款美甲,C011,268,0,1.61,266.39,支付宝
CS00122,2026-09-25,滨江店,可可,自然款美睫,C018,298,0,1.79,296.21,微信支付
CS00123,2026-09-25,大学城店,小雨,卸甲与护理,C025,68,0,0.41,67.59,支付宝
CS00124,2026-09-25,滨江店,小琳,经典单色美甲,C032,168,0,1.01,166.99,微信支付
CS00125,2026-09-25,大学城店,阿宁,设计款美甲,C039,268,0,1.61,266.39,支付宝
CS00126,2026-09-26,大学城店,可可,自然款美睫,C046,298,0,1.79,296.21,微信支付
CS00127,2026-09-26,滨江店,小雨,卸甲与护理,C053,48,0,0.29,47.71,支付宝
CS00128,2026-09-26,大学城店,小琳,经典单色美甲,C060,168,0,1.01,166.99,微信支付
CS00129,2026-09-26,滨江店,阿宁,设计款美甲,C067,268,0,1.61,266.39,支付宝
CS00130,2026-09-26,大学城店,可可,自然款美睫,C074,298,0,1.79,296.21,微信支付
CS00131,2026-09-26,滨江店,小雨,卸甲与护理,C081,68,0,0.41,67.59,支付宝
CS00132,2026-09-27,大学城店,小雨,卸甲与护理,C005,68,0,0.41,67.59,微信支付
CS00133,2026-09-27,滨江店,小琳,经典单色美甲,C012,168,0,1.01,166.99,支付宝
CS00134,2026-09-27,大学城店,阿宁,设计款美甲,C019,268,0,1.61,266.39,微信支付
CS00135,2026-09-27,滨江店,可可,自然款美睫,C026,298,0,1.79,296.21,支付宝
CS00136,2026-09-28,大学城店,小琳,经典单色美甲,C033,148,0,0.89,147.11,微信支付
CS00137,2026-09-28,滨江店,阿宁,设计款美甲,C040,268,0,1.61,266.39,支付宝
CS00138,2026-09-28,大学城店,可可,自然款美睫,C047,298,0,1.79,296.21,微信支付
CS00139,2026-09-28,滨江店,小雨,卸甲与护理,C054,68,0,0.41,67.59,支付宝
CS00140,2026-09-28,大学城店,小琳,经典单色美甲,C061,168,0,1.01,166.99,微信支付
CS00141,2026-09-29,大学城店,阿宁,设计款美甲,C068,268,0,1.61,266.39,支付宝
CS00142,2026-09-29,滨江店,可可,自然款美睫,C075,298,0,1.79,,微信支付
CS00143,2026-09-29,大学城店,小雨,卸甲与护理,C082,68,0,0.41,67.59,支付宝
CS00144,2026-09-29,滨江店,小琳,经典单色美甲,C006,168,0,1.01,166.99,微信支付
CS00145,2026-09-29,大学城店,阿宁,设计款美甲,C013,248,0,1.49,246.51,支付宝
CS00146,2026-09-29,滨江店,可可,自然款美睫,C020,298,40,1.55,256.45,微信支付
CS00147,2026-09-30,大学城店,可可,自然款美睫,C027,298,0,1.79,296.21,支付宝
CS00148,2026-09-30,滨江店,小雨,卸甲与护理,C034,68,0,0.41,67.59,微信支付
CS00149,2026-09-30,大学城店,小琳,经典单色美甲,C041,168,0,1.01,151.99,支付宝
CS00150,2026-09-30,滨江店,阿宁,设计款美甲,C048,268,0,1.61,266.39,微信支付